{
  "years": [
    2026,
    2027,
    2028,
    2029,
    2030,
    2031,
    2032,
    2033,
    2034,
    2035
  ],
  "emissions": [
    589.7906691653734,
    600.3672497486077,
    610.943830331842,
    621.5204109150764,
    632.0969914983107,
    642.673572081545,
    653.2501526647793,
    663.8267332480136,
    674.4033138312479,
    684.9798944144823
  ],
  "model_r2": 0.9793253018552328,
  "model_rmse": 17.484847166461233,
  "model_mape": 3.5700732181275514,
  "polynomial_degree": 1,
  "uncertainty": {
    "lower_bound": [
      574.6211358733207,
      584.697175219906,
      594.897295403932,
      605.0422669419711,
      615.181572401474,
      625.1462550185163,
      635.0805334200063,
      645.007496044492,
      654.9481654558659,
      664.7346546469628
    ],
    "upper_bound": [
      607.4974157185568,
      619.0415345035059,
      630.5817925742236,
      642.2366440647502,
      653.9622585977083,
      665.6217822009776,
      677.3143512690913,
      689.015459032541,
      700.6426357143392,
      712.0518126967854
    ],
    "confidence_level": 0.95
  },
  "scenarios": {
    "BAU_2035": 684.9798944144823,
    "NDC_2030_target": 695,
    "NDC_2030_reduction": 0.41
  },
  "generated_at": "2025-12-27T12:46:00.675651",
  "source_module": "ai_tahmin_v2.py",
  "version": "2.1",
  "simulation_params": {
    "initial_emission_2025": 559.0,
    "annual_growth_rate_bau": 0.020531940188328823,
    "suggested_ets_cap_2026": 447.20000000000005
  }
}