{
  "n_runs": 50,
  "final_emission": {
    "mean": 72.36850150043493,
    "std": 3.2052417884874287,
    "min": 64.97815806292333,
    "max": 78.10829320031064,
    "p05": 66.25087013839476,
    "p50": 72.59630432836501,
    "p95": 76.61872039223177
  },
  "final_price": {
    "mean": 20.0,
    "std": 0.0
  }
}